record-grammar	L1	2316
jurisdictions	L1	3175
test-support	L1	387
runtime-limits	L1	308
signatures	L1	1335
bundler	L1	2463
id-spaces	L1	417
subresources	L1	1427
ooxml	L1	1004
office-readers	L1	3524
odf-reader	L1	2259
pdf-reader	L1	2942
format-registry	L1	306
text-chain	L1	2033
site-profiles	L1	1524
docprofile	L1	4969
image-codecs	L1	2986
pdf-pixels	L1	1077
pdf-worker	L1	316297
ocr-worker	L1	277316
record-core	L2	1733
membership	L2	3350
credentials	L2	947
promotion	L2	3334
host-governor	L3	436
provenance	L3	2530
attestation	L3	562
provenance-routes	L3	1220
capture-sources	L3	2524
acquisition	L3	1580
capture	L3	3464
sources	L3	840
calibration	L4	1112
reading-pipeline	L4	1329
extraction	L4	2686
content	L4	3533
entities	L5	1329
connections	L5	2687
progressions	L5	1672
bias	L5	1850
observation-log	L5	3216
query-language	L5	2737
retrieval	L5	2353
inquiry-grammar	L6	1564
accepted-work	L6	252
inquiry	L6	3903
citation	L6	1046
basis-versions	L6	3599
strength	L6	2225
contradiction	L6	3256
run-rules	L6	1708
ai-runs	L6	2725
run-productions	L6	1361
capture-requests	L6	1729
skills	L6	1993
agent-worker	L6	16643
intent	L7	1948
reevaluation	L7	3042
case-grammar	L8	1765
corpus-export	L8	361
case-carriage	L8	343
publication	L8	4625
docket	L8	1317
public-read	L8	2905
project-stage	L8	384
network-notices	L8	1412
ratification	L8	3993
case-checker	L8	1014
case-import	L8	1653
case-disclosures	L8	1306
case-authoring	L8	2930
review	L8	1018
local-facts	L9	589
standards	L9	852
conformance	L9	1542
consequences	L9	1109
action-grammar	L9	1800
actions	L9	2886
action-clocks	L9	888
filing-templates	L9	1723
filings	L9	2039
escalation	L9	1838
action-plans	L9	2660
monitoring	L10	3366
link-sweep	L10	1113
scheduler	L10	430
wizard-scripts	L11	1588
affordances	L11	3365
tasks	L11	958
queue-producers	L11	3875
queue	L11	2820
instance-setup	L11	3005
op-declarations	L11	2684
admission	L11	850
control-plane	L11	3735
plane	L11	2658
legacy-ui	L11	40305	legacy
installer	L11	675983
