C-81	2026-09-24T00:32:11.003Z	CONDUCT #19	renumber at integration: D-162's C-74 (THEME family; C-74 is REC-122's)
C-82	2026-09-24T01:10:02.041Z	c19-unionfix	STATEMENT_ACK_CHECKS: op=statementack's documents bound (bounds PIN, CONDUCT #19 scope addition)
C-83	2026-09-24T03:12:44.595Z	land/conduct/c20-integ1	
C-84	2026-09-24T03:27:33.255Z	land/worker/D-486	
C-85	2026-09-24T16:28:08.460Z	land/worker/D-508	
C-86	2026-09-24T18:32:19.607Z	D-510	promote refuses an envelope object_type that disagrees with the promoted document
C-87	2026-09-24T22:01:54.478Z	land/worker/D-448	
C-88	2026-09-24T22:31:13.447Z	land/worker/REC-205	
C-89	2026-09-24T22:35:11.470Z	land/worker/D-530	
C-90	2026-09-24T22:47:04.975Z	WORKER REC-214	REC-214 risk-tier revision family (actionrisktier)
C-91	2026-09-25T01:56:37.163Z	WORKER REC-203	REC-203: identifier-space judgement refusals (op=idmatch)
C-92	2026-09-25T02:40:26.470Z	land/worker/MK-7	
C-93	2026-09-25T02:44:23.736Z	WORKER REC-147	REC-147: contradiction judgement + candidate table
C-94	2026-09-25T02:45:29.348Z	land/worker/D-147	
C-95	2026-09-25T02:56:04.928Z	land/worker/REC-150	
C-96	2026-09-25T03:15:04.362Z	land/worker/D-134	
C-97	2026-09-25T03:46:41.347Z	land/worker/REC-197	
C-98	2026-09-25T04:33:45.425Z	WORKER D-561	D-561: PUBLISHED_READ_CHECKS, the public door's refusal codes (publishedbytes, publishedcase)
