D-459	2026-09-23T23:34:13.828Z	land/worker/D-242	
D-460	2026-09-23T23:34:16.537Z	land/worker/D-242	
D-461	2026-09-23T23:34:23.356Z	land/worker/D-242	
D-462	2026-09-23T23:34:26.021Z	land/worker/D-242	
D-463	2026-09-23T23:34:28.672Z	land/worker/D-242	
D-464	2026-09-23T23:34:31.342Z	land/worker/D-242	
D-465	2026-09-23T23:34:33.751Z	land/worker/D-242	
D-466	2026-09-23T23:34:36.696Z	land/worker/D-242	
D-469	2026-09-24T00:56:26.681Z	CONDUCT #19	CAP-11's acquire existed:true defect, minted D-459 in its clone (collides with case-opened coverage row D-459)
D-472	2026-09-24T01:09:02.665Z	CONDUCT #19	D-351's finding (monitor fetches Drive app shell) minted D-467 locally; SCHEDULER's D-467 is the nc-m038 re-anchor
D-480	2026-09-24T02:12:16.309Z	CONDUCT #19	D-66's finding (pdfstructure glyph-per-line) minted D-467 locally; SCHEDULER's D-467 stands
