UI-99	2026-09-24T03:18:31.783Z	SCHEDULER #18	REC-184: revision basis and disposition version surface
UI-100	2026-09-24T04:26:45.220Z	SCHEDULER #18	UI-84 findings: unknown-op and requiredArgument mocks without translation
UI-101	2026-09-24T05:53:46.012Z	SCHEDULER #18	app.html risk-tier control (D-483 finding)
UI-102	2026-09-24T17:11:49.606Z	SCHEDULER #18	member surface for governing-laws proposals (REC-195)
UI-103	2026-09-24T18:58:10.038Z	HEAD	
UI-104	2026-09-24T21:21:56.329Z	HEAD	
UI-105	2026-09-24T21:27:37.889Z	HEAD	
UI-106	2026-09-24T21:44:03.299Z	HEAD	
UI-107	2026-09-24T21:55:51.542Z	HEAD	
UI-108	2026-09-24T22:34:31.834Z	HEAD	SCHEDULER #20: D-552 render on the progression page; D-527 prior_disposition render on the queue
UI-109	2026-09-24T22:34:31.834Z	HEAD	SCHEDULER #20: D-552 render on the progression page; D-527 prior_disposition render on the queue
UI-110	2026-09-24T23:45:46.809Z	SCHEDULER #21	REC-205's UI delegation: project-scoped finding selection
